model,RMSE,MAE
GRU(torch),30.269005380104534,20.981141244184126
