model,RMSE,MAE
CNN1D(torch),62.39214827370656,48.76922525338517
