model,RMSE,MAE
LSTM(torch),31.267686001377747,19.7448803217151
